word,group,pc1,pc2
image,Vision,0.2085,0.4147
images,Vision,0.1163,0.3386
pixel,Vision,0.0715,0.4013
video,Vision,0.0518,0.3369
camera,Vision,-0.2946,0.3203
segmentation,Vision,-0.0014,0.3677
detection,Vision,-0.0120,0.1673
visual,Vision,0.0150,0.3051
depth,Vision,-0.0376,0.3258
scene,Vision,-0.1018,0.4633
object,Vision,-0.2317,0.3662
3d,Vision,-0.2072,0.4471
rgb,Vision,-0.0535,0.3481
lidar,Vision,-0.1241,0.3045
texture,Vision,-0.0841,0.3808
text,Language,0.4168,0.2917
language,Language,0.2875,0.0423
sentence,Language,0.4559,0.0797
word,Language,0.5582,0.0016
words,Language,0.4048,0.1234
translation,Language,0.3419,0.0173
speech,Language,0.3003,0.1277
token,Language,0.3602,0.1566
tokens,Language,0.3865,0.1700
english,Language,0.5002,-0.1484
multilingual,Language,0.4343,-0.1496
linguistic,Language,0.2860,0.0609
dialogue,Language,0.2617,-0.0192
question,Language,0.3256,-0.0864
answer,Language,0.3992,-0.1655
robot,Robotics,-0.6159,-0.1110
robots,Robotics,-0.5549,-0.1863
grasping,Robotics,-0.4284,-0.0570
manipulation,Robotics,-0.5164,-0.0689
navigation,Robotics,-0.4821,0.0016
locomotion,Robotics,-0.5064,-0.1195
legged,Robotics,-0.6352,-0.1149
gripper,Robotics,-0.3988,-0.1452
arm,Robotics,-0.3022,-0.2450
humanoid,Robotics,-0.4782,-0.1986
motion,Robotics,-0.3711,0.2463
control,Robotics,-0.4445,-0.0931
trajectory,Robotics,-0.2392,0.1896
planning,Robotics,-0.4334,-0.0344
drone,Robotics,-0.4302,-0.1848
one,Numbers,0.0877,-0.1714
two,Numbers,0.1088,-0.4008
three,Numbers,0.0875,-0.5022
four,Numbers,0.0705,-0.5722
five,Numbers,0.1471,-0.5762
six,Numbers,-0.0270,-0.4822
ten,Numbers,0.1500,-0.4185
first,Numbers,0.0816,-0.1013
second,Numbers,0.2351,-0.0394
third,Numbers,0.1240,0.0161
1,Numbers,0.1395,-0.4171
2,Numbers,0.1933,-0.2327
3,Numbers,0.1001,-0.2218
10,Numbers,0.2020,-0.3675
100,Numbers,0.1024,-0.1816
